"Label (Grouping)","Androscoggin County, Maine!!Total!!Estimate","Androscoggin County, Maine!!Total!!Margin of Error","Androscoggin County, Maine!!Insured!!Estimate","Androscoggin County, Maine!!Insured!!Margin of Error","Androscoggin County, Maine!!Percent Insured!!Estimate","Androscoggin County, Maine!!Percent Insured!!Margin of Error","Androscoggin County, Maine!!Uninsured!!Estimate","Androscoggin County, Maine!!Uninsured!!Margin of Error","Androscoggin County, Maine!!Percent Uninsured!!Estimate","Androscoggin County, Maine!!Percent Uninsured!!Margin of Error","Aroostook County, Maine!!Total!!Estimate","Aroostook County, Maine!!Total!!Margin of Error","Aroostook County, Maine!!Insured!!Estimate","Aroostook County, Maine!!Insured!!Margin of Error","Aroostook County, Maine!!Percent Insured!!Margin of Error","Aroostook County, Maine!!Uninsured!!Margin of Error","Aroostook County, Maine!!Percent Uninsured!!Margin of Error","Cumberland County, Maine!!Total!!Estimate","Cumberland County, Maine!!Total!!Margin of Error","Cumberland County, Maine!!Insured!!Margin of Error","Cumberland County, Maine!!Percent Insured!!Margin of Error","Cumberland County, Maine!!Uninsured!!Margin of Error","Cumberland County, Maine!!Percent Uninsured!!Margin of Error","Franklin County, Maine!!Total!!Estimate","Franklin County, Maine!!Total!!Margin of Error","Franklin County, Maine!!Insured!!Margin of Error","Franklin County, Maine!!Percent Insured!!Margin of Error","Franklin County, Maine!!Uninsured!!Margin of Error","Franklin County, Maine!!Percent Uninsured!!Margin of Error","Hancock County, Maine!!Total!!Estimate","Hancock County, Maine!!Total!!Margin of Error","Hancock County, Maine!!Insured!!Margin of Error","Hancock County, Maine!!Percent Insured!!Margin of Error","Hancock County, Maine!!Uninsured!!Margin of Error","Hancock County, Maine!!Percent Uninsured!!Margin of Error","Kennebec County, Maine!!Total!!Estimate","Kennebec County, Maine!!Total!!Margin of Error","Kennebec County, Maine!!Insured!!Margin of Error","Kennebec County, Maine!!Percent Insured!!Margin of Error","Kennebec County, Maine!!Uninsured!!Margin of Error","Kennebec County, Maine!!Percent Uninsured!!Margin of Error","Knox County, Maine!!Total!!Estimate","Knox County, Maine!!Total!!Margin of Error","Knox County, Maine!!Insured!!Margin of Error","Knox County, Maine!!Percent Insured!!Margin of Error","Knox County, Maine!!Uninsured!!Margin of Error","Knox County, Maine!!Percent Uninsured!!Margin of Error","Lincoln County, Maine!!Total!!Estimate","Lincoln County, Maine!!Total!!Margin of Error","Lincoln County, Maine!!Insured!!Margin of Error","Lincoln County, Maine!!Percent Insured!!Margin of Error","Lincoln County, Maine!!Uninsured!!Margin of Error","Lincoln County, Maine!!Percent Uninsured!!Margin of Error","Oxford County, Maine!!Total!!Estimate","Oxford County, Maine!!Total!!Margin of Error","Oxford County, Maine!!Insured!!Margin of Error","Oxford County, Maine!!Percent Insured!!Margin of Error","Oxford County, Maine!!Uninsured!!Margin of Error","Oxford County, Maine!!Percent Uninsured!!Margin of Error","Penobscot County, Maine!!Total!!Estimate","Penobscot County, Maine!!Total!!Margin of Error","Penobscot County, Maine!!Insured!!Margin of Error","Penobscot County, Maine!!Percent Insured!!Margin of Error","Penobscot County, Maine!!Uninsured!!Margin of Error","Penobscot County, Maine!!Percent Uninsured!!Margin of Error","Piscataquis County, Maine!!Total!!Estimate","Piscataquis County, Maine!!Total!!Margin of Error","Piscataquis County, Maine!!Insured!!Margin of Error","Piscataquis County, Maine!!Percent Insured!!Margin of Error","Piscataquis County, Maine!!Uninsured!!Margin of Error","Piscataquis County, Maine!!Percent Uninsured!!Margin of Error","Sagadahoc County, Maine!!Total!!Estimate","Sagadahoc County, Maine!!Total!!Margin of Error","Sagadahoc County, Maine!!Insured!!Margin of Error","Sagadahoc County, Maine!!Percent Insured!!Margin of Error","Sagadahoc County, Maine!!Uninsured!!Margin of Error","Sagadahoc County, Maine!!Percent Uninsured!!Margin of Error","Somerset County, Maine!!Total!!Estimate","Somerset County, Maine!!Total!!Margin of Error","Somerset County, Maine!!Insured!!Margin of Error","Somerset County, Maine!!Percent Insured!!Margin of Error","Somerset County, Maine!!Uninsured!!Margin of Error","Somerset County, Maine!!Percent Uninsured!!Margin of Error","Waldo County, Maine!!Total!!Estimate","Waldo County, Maine!!Total!!Margin of Error","Waldo County, Maine!!Insured!!Margin of Error","Waldo County, Maine!!Percent Insured!!Margin of Error","Waldo County, Maine!!Uninsured!!Margin of Error","Waldo County, Maine!!Percent Uninsured!!Margin of Error","Washington County, Maine!!Total!!Estimate","Washington County, Maine!!Total!!Margin of Error","Washington County, Maine!!Insured!!Margin of Error","Washington County, Maine!!Percent Insured!!Margin of Error","Washington County, Maine!!Uninsured!!Margin of Error","Washington County, Maine!!Percent Uninsured!!Margin of Error","York County, Maine!!Total!!Estimate","York County, Maine!!Total!!Margin of Error","York County, Maine!!Insured!!Margin of Error","York County, Maine!!Percent Insured!!Margin of Error","York County, Maine!!Uninsured!!Margin of Error","York County, Maine!!Percent Uninsured!!Margin of Error","Maine!!Total!!Estimate","Maine!!Total!!Margin of Error","Maine!!Insured!!Margin of Error","Maine!!Percent Insured!!Margin of Error","Maine!!Uninsured!!Margin of Error","Maine!!Percent Uninsured!!Margin of Error"
"Civilian noninstitutionalized population","106,836","±275","98,434","±984","92.1%","±0.8","8,402","±903","7.9%","±0.8","66,151","±285","60,576","±570","±0.7","±456","±0.7","290,964","±490","±1,731","±0.6","±1,698","±0.6","29,796","±39","±392","±1.3","±389","±1.3","54,341","±173","±653","±1.2","±634","±1.2","120,543","±295","±968","±0.8","±965","±0.8","38,340","±182","±491","±1.3","±497","±1.3","33,994","±116","±488","±1.3","±452","±1.3","57,381","±54","±446","±0.8","±435","±0.8","149,991","±287","±1,148","±0.7","±1,122","±0.7","16,695","±113","±337","±1.9","±310","±1.9","35,612","±85","±498","±1.4","±497","±1.4","49,998","±129","±526","±1.1","±528","±1.1","39,601","±58","±748","±1.9","±753","±1.9","30,789","±140","±299","±0.8","±250","±0.8","203,993","±367","±1,330","±0.6","±1,300","±0.6","1,325,025","±382","±3,418","±0.3","±3,461","±0.3"
"    AGE","","","","","","","","","","","","","","","","","","","","","","","","","","","","","","","","","","","","","","","","","","","","","","","","","","","","","","","","","","","","","","","","","","","","","","","","","","","","","","","","","","","","","","","","","","","","","","","","","","","","","","","","","","",""
"        Under 6 years","7,840","±287","7,583","±294","96.7%","±1.8","257","±142","3.3%","±1.8","3,906","±132","3,682","±129","±1.5","±60","±1.5","16,772","±345","±371","±1.1","±187","±1.1","1,671","±119","±137","±3.4","±55","±3.4","2,824","±142","±177","±4.3","±121","±4.3","6,994","±225","±238","±1.2","±85","±1.2","1,951","±115","±127","±2.7","±52","±2.7","1,889","±133","±155","±6.1","±116","±6.1","3,021","±124","±140","±1.8","±55","±1.8","8,804","±308","±321","±1.2","±102","±1.2","964","±99","±103","±3.1","±30","±3.1","2,183","±174","±182","±2.2","±48","±2.2","2,862","±225","±225","±1.6","±45","±1.6","2,174","±121","±196","±10.3","±233","±10.3","1,910","±86","±97","±3.4","±67","±3.4","11,672","±321","±325","±0.7","±82","±0.7","77,437","±760","±857","±0.5","±402","±0.5"
"        6 to 18 years","16,996","±357","16,239","±428","95.5%","±1.5","757","±251","4.5%","±1.5","9,050","±214","8,481","±219","±1.0","±95","±1.0","41,730","±525","±619","±0.8","±313","±0.8","4,073","±145","±132","±2.1","±89","±2.1","6,813","±155","±239","±2.3","±157","±2.3","18,057","±294","±343","±1.4","±250","±1.4","5,412","±161","±238","±3.3","±177","±3.3","4,165","±164","±191","±3.4","±146","±3.4","8,203","±169","±204","±1.5","±124","±1.5","21,377","±440","±452","±1.2","±268","±1.2","2,012","±109","±111","±3.5","±72","±3.5","4,841","±177","±263","±4.1","±196","±4.1","7,253","±244","±248","±1.8","±135","±1.8","5,690","±167","±364","±4.8","±263","±4.8","4,445","±114","±125","±2.1","±94","±2.1","29,305","±491","±667","±1.7","±504","±1.7","189,422","±1,109","±1,249","±0.5","±904","±0.5"
"        19 to 25 years","9,045","±319","7,616","±462","84.2%","±3.7","1,429","±333","15.8%","±3.7","4,609","±212","3,790","±262","±4.3","±200","±4.3","25,326","±615","±849","±2.2","±551","±2.2","2,924","±176","±275","±8.0","±237","±8.0","3,871","±210","±225","±3.0","±117","±3.0","9,944","±388","±398","±2.5","±260","±2.5","2,583","±229","±247","±4.4","±111","±4.4","2,056","±137","±160","±4.4","±89","±4.4","3,496","±168","±229","±4.7","±164","±4.7","14,865","±446","±487","±2.3","±349","±2.3","1,193","±116","±140","±6.3","±72","±6.3","2,032","±125","±199","±8.6","±176","±8.6","3,581","±214","±200","±4.5","±177","±4.5","2,631","±120","±165","±4.5","±118","±4.5","2,029","±111","±121","±3.7","±75","±3.7","14,445","±473","±514","±1.7","±242","±1.7","104,630","±1,102","±1,299","±0.9","±990","±0.9"
"        26 to 34 years","11,960","±298","10,003","±429","83.6%","±3.0","1,957","±366","16.4%","±3.0","6,146","±196","5,054","±263","±3.1","±190","±3.1","35,566","±533","±775","±1.8","±647","±1.8","2,833","±186","±199","±5.6","±170","±5.6","5,421","±228","±318","±5.0","±274","±5.0","12,853","±280","±454","±3.0","±381","±3.0","3,179","±224","±268","±5.3","±167","±5.3","3,155","±112","±200","±5.2","±161","±5.2","5,712","±185","±236","±3.6","±214","±3.6","18,044","±486","±539","±2.0","±370","±2.0","1,198","±84","±136","±9.2","±109","±9.2","3,956","±181","±151","±4.1","±175","±4.1","4,568","±213","±246","±3.8","±181","±3.8","3,896","±134","±175","±4.0","±164","±4.0","2,670","±104","±130","±3.7","±99","±3.7","22,159","±403","±697","±2.7","±601","±2.7","143,316","±992","±1,522","±0.8","±1,180","±0.8"
"        35 to 44 years","12,894","±133","11,500","±324","89.2%","±2.2","1,394","±285","10.8%","±2.2","6,985","±101","5,898","±217","±2.9","±203","±2.9","36,070","±186","±577","±1.5","±541","±1.5","3,023","±98","±92","±3.8","±123","±3.8","5,673","±101","±175","±2.6","±145","±2.6","13,959","±225","±381","±2.2","±300","±2.2","4,153","±124","±166","±3.7","±158","±3.7","3,348","±81","±172","±4.6","±154","±4.6","6,608","±112","±244","±3.3","±215","±3.3","16,925","±206","±387","±2.1","±358","±2.1","1,678","±52","±143","±8.1","±136","±8.1","3,959","±104","±222","±4.9","±191","±4.9","5,587","±85","±199","±3.5","±195","±3.5","4,676","±109","±228","±4.0","±182","±4.0","3,157","±57","±115","±3.5","±113","±3.5","23,701","±301","±451","±1.5","±359","±1.5","152,396","±593","±1,234","±0.7","±1,084","±0.7"
"        45 to 54 years","14,382","±106","13,065","±326","90.8%","±2.4","1,317","±343","9.2%","±2.4","8,956","±88","8,115","±154","±1.5","±131","±1.5","39,968","±173","±634","±1.5","±618","±1.5","3,745","±53","±163","±4.1","±155","±4.1","7,113","±99","±237","±3.2","±229","±3.2","16,407","±137","±343","±1.9","±312","±1.9","4,932","±134","±228","±3.9","±194","±3.9","4,283","±62","±163","±3.9","±172","±3.9","7,773","±56","±149","±1.7","±130","±1.7","19,961","±185","±526","±2.4","±467","±2.4","2,261","±70","±129","±5.1","±115","±5.1","4,825","±105","±132","±1.9","±93","±1.9","7,367","±108","±186","±2.3","±170","±2.3","5,132","±57","±184","±3.4","±173","±3.4","3,895","±62","±126","±2.7","±105","±2.7","28,242","±262","±538","±1.7","±487","±1.7","179,242","±489","±1,373","±0.7","±1,296","±0.7"
"        55 to 64 years","15,437","±76","14,146","±352","91.6%","±2.3","1,291","±348","8.4%","±2.3","11,062","±57","10,137","±175","±1.5","±165","±1.5","42,819","±171","±480","±1.1","±452","±1.1","5,078","±58","±184","±3.4","±175","±3.4","9,201","±70","±280","±2.9","±265","±2.9","19,119","±114","±313","±1.6","±307","±1.6","6,365","±122","±187","±2.9","±188","±2.9","5,762","±68","±231","±3.9","±226","±3.9","10,269","±69","±226","±2.0","±210","±2.0","22,808","±122","±480","±2.1","±488","±2.1","3,054","±34","±142","±4.6","±142","±4.6","5,863","±75","±172","±2.8","±166","±2.8","8,284","±67","±278","±3.3","±277","±3.3","6,489","±49","±196","±3.1","±203","±3.1","5,257","±48","±118","±2.1","±108","±2.1","33,007","±166","±367","±1.1","±349","±1.1","209,874","±393","±1,331","±0.6","±1,259","±0.6"
"        65 to 74 years","11,143","±99","11,143","±99","100.0%","±0.2","0","±26","0.0%","±0.2","9,150","±83","9,132","±84","±0.1","±12","±0.1","31,927","±214","±216","±0.1","±48","±0.1","3,978","±60","±79","±1.1","±43","±1.1","8,346","±80","±89","±0.3","±28","±0.3","14,140","±131","±132","±0.2","±21","±0.2","5,806","±60","±60","±0.5","±23","±0.5","5,576","±55","±61","±0.2","±14","±0.2","7,439","±83","±83","±0.1","±8","±0.1","16,508","±99","±98","±0.1","±21","±0.1","2,661","±98","±98","±1.0","±17","±1.0","4,770","±93","±94","±0.4","±21","±0.4","6,568","±139","±146","±0.3","±21","±0.3","5,686","±53","±55","±0.4","±20","±0.4","4,584","±68","±68","±0.2","±8","±0.2","24,810","±234","±237","±0.1","±18","±0.1","163,092","±425","±416","±0.1","±92","±0.1"
"        75 years and older","7,139","±227","7,139","±227","100.0%","±0.4","0","±26","0.0%","±0.4","6,287","±214","6,287","±214","±0.4","±26","±0.4","20,786","±324","±324","±0.1","±26","±0.1","2,471","±45","±45","±1.1","±20","±1.1","5,079","±124","±124","±0.5","±26","±0.5","9,070","±213","±213","±0.3","±26","±0.3","3,959","±75","±75","±0.7","±23","±0.7","3,760","±80","±80","±0.7","±23","±0.7","4,860","±82","±77","±0.4","±19","±0.4","10,699","±198","±198","±0.3","±26","±0.3","1,674","±65","±65","±1.6","±17","±1.6","3,183","±85","±85","±0.9","±23","±0.9","3,928","±108","±108","±0.7","±26","±0.7","3,227","±47","±47","±0.8","±23","±0.8","2,842","±100","±100","±0.2","±5","±0.2","16,652","±229","±229","±0.2","±26","±0.2","105,616","±449","±451","±0.1","±20","±0.1"
"        Under 19 years","24,836","±170","23,822","±298","95.9%","±1.1","1,014","±272","4.1%","±1.1","12,956","±177","12,163","±203","±0.8","±110","±0.8","58,502","±358","±517","±0.7","±393","±0.7","5,744","±92","±125","±1.8","±105","±1.8","9,637","±111","±255","±2.3","±221","±2.3","25,051","±222","±313","±1.1","±282","±1.1","7,363","±123","±229","±2.6","±192","±2.6","6,054","±104","±213","±3.2","±194","±3.2","11,224","±125","±182","±1.3","±144","±1.3","30,181","±290","±375","±1.1","±323","±1.1","2,976","±70","±106","±2.9","±86","±2.9","7,024","±90","±231","±3.0","±209","±3.0","10,115","±91","±143","±1.4","±141","±1.4","7,864","±105","±478","±6.0","±475","±6.0","6,355","±70","±138","±2.0","±130","±2.0","40,977","±311","±603","±1.3","±517","±1.3","266,859","±679","±1,065","±0.4","±1,097","±0.4"
"        19 to 64 years","63,718","±213","56,330","±781","88.4%","±1.2","7,388","±766","11.6%","±1.2","37,758","±145","32,994","±451","±1.1","±415","±1.1","179,749","±489","±1,682","±0.9","±1,553","±0.9","17,603","±118","±370","±2.1","±380","±2.1","31,279","±149","±530","±1.7","±526","±1.7","72,282","±294","±836","±1.1","±803","±1.1","21,212","±216","±429","±1.9","±414","±1.9","18,604","±139","±388","±1.8","±329","±1.8","33,858","±148","±413","±1.2","±395","±1.2","92,603","±349","±1,046","±1.1","±973","±1.1","9,384","±97","±300","±3.1","±288","±3.1","20,635","±111","±394","±1.8","±368","±1.8","29,387","±166","±484","±1.6","±470","±1.6","22,824","±109","±426","±1.9","±430","±1.9","17,008","±137","±240","±1.1","±182","±1.1","121,554","±409","±1,173","±0.9","±1,056","±0.9","789,458","±834","±2,975","±0.4","±2,957","±0.4"
"        65 years and older","18,282","±253","18,282","±253","100.0%","±0.2","0","±26","0.0%","±0.2","15,437","±214","15,419","±214","±0.1","±12","±0.1","52,713","±389","±381","±0.1","±48","±0.1","6,449","±77","±98","±0.7","±43","±0.7","13,425","±158","±161","±0.2","±28","±0.2","23,210","±258","±259","±0.1","±21","±0.1","9,765","±76","±76","±0.3","±23","±0.3","9,336","±82","±83","±0.1","±14","±0.1","12,299","±101","±100","±0.2","±22","±0.2","27,207","±222","±222","±0.1","±21","±0.1","4,335","±123","±123","±0.6","±17","±0.6","7,953","±113","±115","±0.3","±21","±0.3","10,496","±149","±154","±0.2","±21","±0.2","8,913","±63","±64","±0.2","±20","±0.2","7,426","±119","±119","±0.1","±8","±0.1","41,462","±313","±316","±0.1","±18","±0.1","268,708","±418","±428","±0.1","±93","±0.1"
"    SEX","","","","","","","","","","","","","","","","","","","","","","","","","","","","","","","","","","","","","","","","","","","","","","","","","","","","","","","","","","","","","","","","","","","","","","","","","","","","","","","","","","","","","","","","","","","","","","","","","","","","","","","","","","",""
"        Male","52,361","±232","47,534","±658","90.8%","±1.1","4,827","±599","9.2%","±1.1","32,834","±232","29,591","±416","±1.1","±345","±1.1","140,649","±414","±1,100","±0.8","±1,079","±0.8","14,582","±104","±246","±1.7","±251","±1.7","26,258","±192","±440","±1.6","±430","±1.6","58,572","±283","±691","±1.1","±639","±1.1","18,629","±217","±354","±1.6","±304","±1.6","16,626","±114","±323","±1.7","±279","±1.7","28,344","±126","±394","±1.3","±367","±1.3","74,334","±188","±694","±0.9","±685","±0.9","8,422","±100","±230","±2.5","±210","±2.5","17,449","±125","±373","±2.0","±355","±2.0","24,798","±161","±422","±1.6","±395","±1.6","19,390","±80","±446","±2.3","±455","±2.3","15,048","±110","±230","±1.3","±189","±1.3","99,136","±338","±832","±0.8","±826","±0.8","647,432","±748","±2,193","±0.3","±2,202","±0.3"
"        Female","54,475","±223","50,900","±590","93.4%","±1.0","3,575","±524","6.6%","±1.0","33,317","±251","30,985","±355","±0.8","±264","±0.8","150,315","±275","±903","±0.6","±874","±0.6","15,214","±109","±266","±1.6","±235","±1.6","28,083","±152","±378","±1.2","±325","±1.2","61,971","±220","±552","±0.8","±519","±0.8","19,711","±196","±315","±1.4","±271","±1.4","17,368","±108","±296","±1.6","±279","±1.6","29,037","±118","±298","±0.8","±243","±0.8","75,657","±210","±671","±0.8","±635","±0.8","8,273","±128","±215","±2.1","±174","±2.1","18,163","±130","±245","±1.2","±221","±1.2","25,200","±148","±299","±1.2","±294","±1.2","20,211","±74","±402","±1.9","±390","±1.9","15,741","±110","±184","±0.9","±141","±0.9","104,857","±252","±779","±0.7","±718","±0.7","677,593","±606","±2,062","±0.3","±1,924","±0.3"
"    RACE AND HISPANIC OR LATINO ORIGIN","","","","","","","","","","","","","","","","","","","","","","","","","","","","","","","","","","","","","","","","","","","","","","","","","","","","","","","","","","","","","","","","","","","","","","","","","","","","","","","","","","","","","","","","","","","","","","","","","","","","","","","","","","",""
"        White alone","97,093","±430","89,933","±1,080","92.6%","±0.9","7,160","±870","7.4%","±0.9","62,495","±309","57,251","±567","±0.7","±441","±0.7","264,022","±1,047","±1,747","±0.6","±1,592","±0.6","28,571","±105","±387","±1.3","±372","±1.3","51,864","±196","±598","±1.1","±586","±1.1","115,098","±357","±977","±0.8","±938","±0.8","36,953","±168","±476","±1.3","±478","±1.3","32,533","±278","±511","±1.4","±452","±1.4","54,899","±236","±497","±0.8","±438","±0.8","141,159","±338","±1,199","±0.8","±1,106","±0.8","15,873","±158","±332","±1.9","±305","±1.9","34,079","±226","±567","±1.5","±503","±1.5","48,180","±178","±532","±1.1","±526","±1.1","38,020","±254","±794","±2.0","±763","±2.0","27,830","±177","±294","±0.9","±239","±0.9","193,077","±1,019","±1,546","±0.6","±1,207","±0.6","1,241,746","±1,415","±3,537","±0.3","±3,273","±0.3"
"        Black or African American alone","2,514","±432","2,079","±408","82.7%","±6.5","435","±173","17.3%","±6.5","670","±117","594","±116","±9.4","±65","±9.4","8,997","±498","±517","±3.7","±339","±3.7","83","±56","±56","±27.6","±20","±27.6","426","±79","±80","±7.4","±32","±7.4","904","±218","±200","±9.8","±95","±9.8","95","±65","±64","±2.6","±2","±2.6","164","±54","±61","±21.8","±35","±21.8","180","±42","±42","±18.5","±36","±18.5","1,221","±219","±224","±3.5","±39","±3.5","115","±22","±23","±2.7","±3","±2.7","232","±99","±86","±17.6","±47","±17.6","302","±93","±95","±6.9","±20","±6.9","155","±67","±66","±5.5","±9","±5.5","212","±111","±82","±8.9","±35","±8.9","1,839","±295","±339","±8.6","±153","±8.6","18,109","±809","±855","±2.2","±396","±2.2"
"        American Indian and Alaska Native alone","172","±90","159","±90","92.4%","±9.5","13","±15","7.6%","±9.5","1,289","±112","1,109","±116","±4.8","±63","±4.8","809","±239","±166","±14.5","±152","±14.5","19","±25","±25","±62.6","±20","±62.6","319","±73","±79","±16.8","±53","±16.8","514","±136","±136","±3.8","±19","±3.8","202","±91","±86","±16.2","±33","±16.2","127","±58","±59","±5.2","±6","±5.2","168","±81","±80","±3.4","±6","±3.4","2,040","±297","±295","±4.0","±79","±4.0","44","±57","±45","±14.9","±13","±14.9","123","±53","±53","±19.9","±23","±19.9","143","±69","±55","±18.6","±34","±18.6","163","±46","±45","±10.9","±17","±10.9","1,680","±94","±100","±3.8","±66","±3.8","996","±242","±239","±21.8","±240","±21.8","8,808","±544","±534","±3.2","±291","±3.2"
"        Asian alone","982","±146","948","±155","96.5%","±3.6","34","±33","3.5%","±3.6","214","±53","197","±53","±6.8","±14","±6.8","6,621","±399","±441","±4.3","±289","±4.3","142","±44","±44","±17.5","±20","±17.5","664","±101","±136","±16.6","±110","±16.6","1,156","±132","±149","±12.6","±155","±12.6","167","±66","±66","±1.9","±3","±1.9","290","±50","±60","±13.8","±40","±13.8","307","±80","±82","±5.8","±17","±5.8","1,189","±235","±237","±4.8","±54","±4.8","130","±91","±85","±9.3","±11","±9.3","297","±86","±86","±8.8","±23","±8.8","297","±60","±60","±8.8","±26","±8.8","158","±43","±45","±7.8","±11","±7.8","132","±28","±28","±21.8","±30","±21.8","2,348","±297","±298","±1.9","±44","±1.9","15,094","±595","±601","±2.2","±345","±2.2"
"        Native Hawaiian and Other Pacific Islander alone","0","±26","0","±26","-","**","0","±26","-","**","25","±18","25","±18","±54.6","±26","±54.6","28","±33","±3","±11.8","±33","±11.7","7","±10","±10","±100.0","±20","±100.0","8","±14","±26","±96.4","±14","±96.4","67","±45","±45","±32.3","±26","±32.3","5","±7","±7","±100.0","±23","±100.0","0","±23","±23","**","±23","**","3","±5","±5","±100.0","±26","±100.0","11","±14","±14","±82.2","±26","±82.3","0","±17","±17","**","±17","**","0","±23","±23","**","±23","**","0","±26","±26","**","±26","**","0","±23","±23","**","±23","**","9","±7","±5","±43.8","±5","±43.8","27","±28","±28","±52.5","±26","±52.5","190","±69","±52","±15.1","±37","±15.1"
"        Some other race alone","376","±273","359","±274","95.5%","±6.6","17","±19","4.5%","±6.6","210","±97","210","±97","±12.3","±26","±12.3","1,609","±675","±458","±10.7","±250","±10.7","104","±61","±61","±23.0","±20","±23.0","104","±81","±81","±23.0","±26","±23.0","184","±91","±74","±25.6","±57","±25.6","211","±178","±180","±9.0","±12","±9.0","79","±46","±25","±39.9","±48","±39.9","162","±146","±146","±2.5","±3","±2.5","621","±232","±229","±7.6","±48","±7.6","161","±87","±87","±15.6","±17","±15.6","60","±63","±63","±34.8","±23","±34.8","58","±48","±48","±35.5","±26","±35.5","228","±206","±205","±2.7","±6","±2.7","156","±81","±51","±27.9","±59","±27.9","453","±186","±164","±13.9","±71","±13.9","4,776","±889","±711","±4.4","±272","±4.4"
"        Two or more races","5,699","±586","4,956","±531","87.0%","±3.9","743","±244","13.0%","±3.9","1,248","±217","1,190","±212","±3.3","±42","±3.3","8,878","±1,008","±997","±3.1","±279","±3.1","870","±136","±129","±11.7","±114","±11.7","956","±175","±169","±4.8","±47","±4.8","2,620","±300","±289","±4.5","±124","±4.5","707","±182","±183","±10.0","±74","±10.0","801","±299","±294","±6.9","±52","±6.9","1,662","±231","±206","±5.2","±95","±5.2","3,750","±387","±397","±3.5","±130","±3.5","372","±146","±146","±11.8","±43","±11.8","821","±213","±209","±8.8","±73","±8.8","1,018","±154","±126","±7.0","±81","±7.0","877","±154","±158","±6.9","±61","±6.9","770","±96","±81","±5.9","±51","±5.9","5,253","±984","±977","±1.7","±90","±1.7","36,302","±1,505","±1,489","±1.4","±523","±1.4"
"        Hispanic or Latino (of any race)","2,027","±19","1,729","±192","85.3%","±9.4","298","±190","14.7%","±9.4","854","±30","744","±75","±8.5","±73","±8.5","6,147","±114","±241","±3.7","±227","±3.7","398","±4","±69","±17.4","±69","±17.4","829","±7","±21","±2.6","±21","±2.6","1,892","±79","±145","±7.4","±142","±7.4","529","±53","±49","±3.1","±17","±3.1","426","±13","±53","±12.4","±54","±12.4","833","±6","±71","±8.5","±71","±8.5","2,168","±39","±96","±4.5","±98","±4.5","318","±4","±56","±17.7","±56","±17.7","654","±2","±101","±15.4","±101","±15.4","559","±30","±37","±4.5","±25","±4.5","615","±8","±69","±11.2","±69","±11.2","768","±23","±60","±7.6","±59","±7.6","3,525","±129","±168","±4.6","±166","±4.6","22,542","±191","±508","±2.2","±493","±2.2"
"        White alone, not Hispanic or Latino","96,331","±364","89,177","±1,008","92.6%","±0.9","7,154","±871","7.4%","±0.9","61,976","±314","56,813","±557","±0.7","±418","±0.7","260,202","±1,008","±1,704","±0.6","±1,560","±0.6","28,414","±87","±382","±1.3","±367","±1.3","51,338","±170","±594","±1.1","±589","±1.1","113,831","±287","±947","±0.8","±936","±0.8","36,707","±153","±464","±1.3","±478","±1.3","32,209","±273","±510","±1.4","±451","±1.4","54,283","±181","±475","±0.8","±439","±0.8","140,160","±293","±1,136","±0.8","±1,111","±0.8","15,720","±131","±326","±1.9","±293","±1.9","33,528","±193","±549","±1.5","±486","±1.5","47,802","±156","±525","±1.1","±522","±1.1","37,562","±230","±766","±2.0","±743","±2.0","27,472","±140","±283","±0.9","±241","±0.9","190,662","±963","±1,544","±0.6","±1,220","±0.6","1,228,197","±1,389","±3,428","±0.3","±3,239","±0.3"
"    LIVING ARRANGEMENTS","","","","","","","","","","","","","","","","","","","","","","","","","","","","","","","","","","","","","","","","","","","","","","","","","","","","","","","","","","","","","","","","","","","","","","","","","","","","","","","","","","","","","","","","","","","","","","","","","","","","","","","","","","",""
"        In family households","81,950","±1,411","76,357","±1,587","93.2%","±0.9","5,593","±732","6.8%","±0.9","51,750","±694","47,460","±793","±0.8","±398","±0.8","219,647","±1,858","±2,261","±0.7","±1,510","±0.7","22,177","±706","±691","±1.4","±312","±1.4","41,236","±808","±902","±1.2","±517","±1.2","92,737","±1,412","±1,632","±0.9","±826","±0.9","29,973","±709","±736","±1.4","±415","±1.4","26,645","±603","±722","±1.7","±455","±1.7","46,691","±651","±712","±0.9","±447","±0.9","111,115","±1,691","±1,782","±0.9","±969","±0.9","12,829","±383","±441","±2.2","±292","±2.2","28,669","±677","±797","±1.6","±447","±1.6","39,139","±683","±825","±1.2","±451","±1.2","31,254","±564","±867","±2.2","±699","±2.2","24,331","±385","±402","±1.0","±258","±1.0","161,573","±1,839","±2,027","±0.7","±1,149","±0.7","1,021,716","±4,297","±5,169","±0.3","±2,988","±0.3"
"            In married couple families","61,425","±1,739","58,302","±1,797","94.9%","±0.9","3,123","±577","5.1%","±0.9","40,564","±1,154","37,491","±1,114","±0.9","±365","±0.9","175,010","±3,357","±3,720","±0.7","±1,239","±0.7","16,944","±845","±822","±1.7","±290","±1.7","33,390","±1,052","±1,073","±1.2","±422","±1.2","69,415","±2,141","±2,187","±1.0","±688","±1.0","23,292","±1,051","±974","±1.1","±271","±1.1","20,345","±1,007","±981","±1.9","±409","±1.9","34,839","±1,380","±1,366","±1.0","±334","±1.0","84,468","±2,311","±2,271","±1.1","±920","±1.1","9,585","±584","±530","±2.1","±224","±2.1","23,479","±933","±951","±1.7","±396","±1.7","28,808","±1,241","±1,276","±1.0","±275","±1.0","24,528","±943","±1,003","±2.8","±718","±2.8","18,023","±580","±520","±1.3","±252","±1.3","130,409","±2,976","±3,006","±0.8","±1,020","±0.8","794,524","±7,571","±7,716","±0.3","±2,559","±0.3"
"            In other families","20,525","±1,517","18,055","±1,413","88.0%","±2.5","2,470","±539","12.0%","±2.5","11,186","±962","9,969","±888","±1.9","±240","±1.9","44,637","±3,069","±2,878","±1.9","±911","±1.9","5,233","±802","±747","±3.3","±182","±3.3","7,846","±747","±671","±3.5","±302","±3.5","23,322","±1,801","±1,675","±1.7","±425","±1.7","6,681","±1,077","±1,019","±4.7","±326","±4.7","6,300","±923","±849","±3.2","±212","±3.2","11,852","±1,286","±1,207","±2.8","±343","±2.8","26,647","±1,856","±1,802","±1.7","±439","±1.7","3,244","±409","±357","±5.7","±211","±5.7","5,190","±729","±695","±3.5","±186","±3.5","10,331","±1,056","±939","±2.9","±346","±2.9","6,726","±888","±806","±3.0","±229","±3.0","6,308","±502","±429","±2.0","±156","±2.0","31,164","±2,258","±2,050","±1.6","±563","±1.6","227,192","±5,895","±5,325","±0.7","±1,690","±0.7"
"                Male reference person, no spouse present","7,327","±1,026","6,244","±942","85.2%","±5.0","1,083","±399","14.8%","±5.0","4,074","±722","3,561","±661","±3.5","±162","±3.5","14,455","±1,996","±1,613","±3.8","±695","±3.8","1,909","±521","±495","±7.0","±134","±7.0","2,289","±503","±450","±8.1","±203","±8.1","7,837","±1,218","±1,044","±3.5","±337","±3.5","1,576","±438","±369","±7.8","±147","±7.8","1,854","±422","±363","±7.9","±169","±7.9","4,014","±863","±787","±3.4","±159","±3.4","8,458","±1,104","±1,059","±3.3","±272","±3.3","905","±180","±165","±7.7","±74","±7.7","2,010","±524","±488","±6.4","±138","±6.4","3,773","±716","±611","±5.1","±234","±5.1","2,290","±418","±365","±5.6","±148","±5.6","1,962","±262","±242","±4.7","±95","±4.7","9,741","±1,379","±1,298","±4.1","±424","±4.1","74,474","±3,546","±2,921","±1.4","±1,264","±1.4"
"                Female reference person, no spouse present","13,198","±1,420","11,811","±1,294","89.5%","±2.5","1,387","±368","10.5%","±2.5","7,112","±782","6,408","±736","±2.0","±153","±2.0","30,182","±2,488","±2,435","±2.0","±609","±2.0","3,324","±556","±533","±4.0","±132","±4.0","5,557","±642","±565","±3.5","±226","±3.5","15,485","±1,540","±1,467","±1.6","±268","±1.6","5,105","±982","±952","±5.3","±270","±5.3","4,446","±881","±788","±3.2","±177","±3.2","7,838","±1,068","±968","±3.5","±304","±3.5","18,189","±1,513","±1,439","±2.0","±374","±2.0","2,339","±394","±351","±7.4","±191","±7.4","3,180","±580","±557","±4.0","±132","±4.0","6,558","±911","±821","±3.7","±273","±3.7","4,436","±796","±727","±3.1","±160","±3.1","4,346","±411","±348","±2.4","±126","±2.4","21,423","±2,030","±1,912","±1.6","±381","±1.6","152,718","±5,115","±4,791","±0.7","±1,122","±0.7"
"        In non-family households and other living arrangements","24,886","±1,334","22,077","±1,234","88.7%","±2.1","2,809","±555","11.3%","±2.1","14,401","±711","13,116","±710","±1.6","±237","±1.6","71,317","±1,819","±1,777","±1.0","±722","±1.0","7,619","±708","±581","±3.4","±303","±3.4","13,105","±819","±701","±2.2","±332","±2.2","27,806","±1,387","±1,246","±1.2","±388","±1.2","8,367","±697","±650","±3.0","±262","±3.0","7,349","±572","±508","±2.1","±173","±2.1","10,690","±657","±628","±1.7","±191","±1.7","38,876","±1,648","±1,549","±1.2","±487","±1.2","3,866","±355","±347","±3.1","±123","±3.1","6,943","±669","±620","±3.5","±259","±3.5","10,859","±708","±702","±2.6","±287","±2.6","8,347","±554","±567","±2.7","±226","±2.7","6,458","±398","±368","±1.7","±122","±1.7","42,420","±1,901","±1,652","±1.5","±690","±1.5","303,309","±4,276","±3,892","±0.5","±1,500","±0.5"
"    NATIVITY AND U.S. CITIZENSHIP STATUS","","","","","","","","","","","","","","","","","","","","","","","","","","","","","","","","","","","","","","","","","","","","","","","","","","","","","","","","","","","","","","","","","","","","","","","","","","","","","","","","","","","","","","","","","","","","","","","","","","","","","","","","","","",""
"        Native born","103,079","±518","95,133","±981","92.3%","±0.9","7,946","±891","7.7%","±0.9","63,503","±439","58,100","±672","±0.7","±456","±0.7","273,460","±1,049","±1,874","±0.6","±1,542","±0.6","29,287","±147","±409","±1.3","±382","±1.3","52,570","±333","±695","±1.2","±604","±1.2","117,798","±470","±1,001","±0.8","±960","±0.8","37,357","±326","±577","±1.3","±488","±1.3","33,193","±164","±484","±1.4","±451","±1.4","56,469","±172","±450","±0.8","±437","±0.8","145,653","±613","±1,169","±0.7","±1,092","±0.7","16,351","±161","±357","±1.9","±306","±1.9","34,376","±280","±544","±1.4","±499","±1.4","49,128","±193","±551","±1.1","±528","±1.1","38,750","±211","±734","±1.9","±736","±1.9","29,615","±175","±321","±0.8","±247","±0.8","196,795","±726","±1,456","±0.7","±1,308","±0.7","1,277,384","±1,601","±3,794","±0.3","±3,285","±0.3"
"        Foreign born","3,757","±467","3,301","±438","87.9%","±4.2","456","±168","12.1%","±4.2","2,648","±319","2,476","±319","±3.2","±85","±3.2","17,504","±919","±921","±2.6","±474","±2.6","509","±139","±113","±14.9","±87","±14.9","1,771","±266","±231","±8.2","±160","±8.2","2,745","±345","±345","±4.2","±116","±4.2","983","±288","±268","±6.8","±71","±6.8","801","±141","±136","±5.3","±44","±5.3","912","±167","±168","±2.4","±21","±2.4","4,338","±539","±513","±2.8","±128","±2.8","344","±108","±103","±6.7","±24","±6.7","1,236","±252","±248","±3.0","±37","±3.0","870","±157","±157","±0.6","±5","±0.6","851","±205","±199","±8.4","±71","±8.4","1,174","±154","±138","±4.2","±56","±4.2","7,198","±602","±578","±2.9","±218","±2.9","47,641","±1,612","±1,628","±1.3","±624","±1.3"
"            Naturalized","1,984","±418","1,799","±397","90.7%","±5.2","185","±110","9.3%","±5.2","1,853","±277","1,779","±280","±1.9","±33","±1.9","9,315","±867","±819","±2.4","±236","±2.4","257","±107","±106","±2.0","±5","±2.0","829","±178","±135","±10.9","±108","±10.9","1,521","±252","±259","±3.7","±56","±3.7","518","±140","±131","±9.8","±54","±9.8","478","±103","±104","±2.7","±12","±2.7","536","±142","±142","±0.5","±3","±0.5","2,249","±345","±338","±3.7","±84","±3.7","134","±49","±47","±7.6","±11","±7.6","677","±149","±141","±4.9","±35","±4.9","490","±101","±101","±0.8","±4","±0.8","385","±84","±79","±6.3","±26","±6.3","656","±110","±104","±5.2","±37","±5.2","4,199","±546","±511","±3.5","±152","±3.5","26,081","±1,292","±1,263","±1.4","±384","±1.4"
"            Not a citizen","1,773","±358","1,502","±313","84.7%","±6.9","271","±139","15.3%","±6.9","795","±167","697","±159","±9.0","±76","±9.0","8,189","±767","±763","±4.5","±373","±4.5","252","±95","±61","±27.0","±86","±27.0","942","±267","±246","±8.8","±91","±8.8","1,224","±236","±221","±7.0","±91","±7.0","465","±213","±198","±9.8","±48","±9.8","323","±103","±97","±12.6","±42","±12.6","376","±115","±112","±5.4","±20","±5.4","2,089","±440","±421","±3.9","±85","±3.9","210","±108","±100","±10.9","±24","±10.9","559","±194","±193","±1.9","±11","±1.9","380","±124","±124","±0.9","±3","±0.9","466","±217","±216","±16.2","±65","±16.2","518","±112","±96","±6.3","±39","±6.3","2,999","±544","±522","±4.0","±125","±4.0","21,560","±1,326","±1,284","±2.1","±456","±2.1"
"    DISABILITY STATUS","","","","","","","","","","","","","","","","","","","","","","","","","","","","","","","","","","","","","","","","","","","","","","","","","","","","","","","","","","","","","","","","","","","","","","","","","","","","","","","","","","","","","","","","","","","","","","","","","","","","","","","","","","",""
"        With a disability","18,485","±1,090","17,627","±1,053","95.4%","±1.2","858","±232","4.6%","±1.2","14,637","±771","13,962","±758","±1.1","±166","±1.1","33,093","±1,252","±1,158","±1.2","±412","±1.2","4,611","±429","±389","±1.9","±96","±1.9","7,788","±511","±504","±1.3","±103","±1.3","19,649","±860","±858","±0.9","±183","±0.9","5,752","±526","±531","±1.3","±73","±1.3","5,570","±522","±481","±1.9","±113","±1.9","10,544","±678","±660","±1.1","±120","±1.1","27,152","±1,116","±1,087","±0.9","±239","±0.9","4,404","±354","±342","±3.4","±154","±3.4","4,213","±379","±377","±0.9","±37","±0.9","10,242","±673","±639","±2.2","±239","±2.2","6,534","±500","±471","±1.3","±91","±1.3","6,980","±315","±313","±1.5","±109","±1.5","30,423","±1,487","±1,459","±1.2","±373","±1.2","210,077","±3,205","±3,132","±0.4","±816","±0.4"
"        No disability","88,351","±1,132","80,807","±1,330","91.5%","±1.0","7,544","±890","8.5%","±1.0","51,514","±784","46,614","±818","±0.9","±451","±0.9","257,871","±1,272","±2,244","±0.6","±1,565","±0.6","25,185","±424","±519","±1.5","±384","±1.5","46,553","±509","±761","±1.3","±620","±1.3","100,894","±971","±1,232","±0.9","±924","±0.9","32,588","±529","±628","±1.5","±494","±1.5","28,424","±532","±655","±1.6","±453","±1.6","46,837","±687","±825","±0.9","±434","±0.9","122,839","±1,101","±1,484","±0.9","±1,106","±0.9","12,291","±357","±355","±2.1","±274","±2.1","31,399","±370","±623","±1.6","±498","±1.6","39,756","±660","±776","±1.1","±430","±1.1","33,067","±507","±788","±2.2","±749","±2.2","23,809","±287","±364","±1.0","±247","±1.0","173,570","±1,465","±2,026","±0.7","±1,225","±0.7","1,114,948","±3,216","±4,742","±0.3","±3,178","±0.3"
"    EDUCATIONAL ATTAINMENT","","","","","","","","","","","","","","","","","","","","","","","","","","","","","","","","","","","","","","","","","","","","","","","","","","","","","","","","","","","","","","","","","","","","","","","","","","","","","","","","","","","","","","","","","","","","","","","","","","","","","","","","","","",""
"        Civilian noninstitutionalized population 26 years and over","72,955","±393","66,996","±797","91.8%","±0.9","5,959","±657","8.2%","±0.9","48,586","±241","44,623","±421","±0.7","±337","±0.7","207,136","±660","±1,373","±0.6","±1,278","±0.6","21,128","±173","±299","±1.3","±280","±1.3","40,833","±285","±553","±1.3","±515","±1.3","85,548","±405","±842","±0.9","±772","±0.9","28,394","±233","±421","±1.4","±387","±1.4","25,884","±153","±363","±1.2","±313","±1.2","42,661","±176","±411","±0.8","±358","±0.8","104,945","±494","±923","±0.8","±822","±0.8","12,526","±160","±291","±2.1","±264","±2.1","26,556","±152","±324","±1.2","±319","±1.2","36,302","±224","±492","±1.3","±472","±1.3","29,106","±119","±392","±1.3","±393","±1.3","22,405","±157","±249","±0.9","±192","±0.9","148,571","±478","±1,051","±0.7","±1,014","±0.7","953,536","±1,011","±2,730","±0.3","±2,663","±0.3"
"            Less than high school graduate","6,197","±648","5,473","±551","88.3%","±3.3","724","±233","11.7%","±3.3","4,863","±508","4,480","±487","±1.6","±83","±1.6","9,415","±762","±682","±3.3","±343","±3.3","1,356","±194","±170","±8.9","±135","±8.9","2,138","±237","±215","±4.4","±103","±4.4","5,633","±529","±530","±3.7","±209","±3.7","1,878","±360","±355","±4.7","±86","±4.7","1,584","±275","±240","±8.8","±157","±8.8","3,606","±450","±418","±3.5","±131","±3.5","7,415","±677","±589","±3.0","±253","±3.0","1,075","±167","±129","±7.9","±98","±7.9","1,416","±254","±212","±9.3","±149","±9.3","3,516","±385","±339","±4.9","±192","±4.9","2,116","±306","±214","±8.4","±226","±8.4","1,971","±202","±179","±3.6","±80","±3.6","9,147","±755","±726","±3.0","±282","±3.0","63,326","±1,997","±1,540","±1.2","±914","±1.2"
"            High school graduate (includes equivalency)","25,802","±1,081","23,004","±1,012","89.2%","±1.6","2,798","±447","10.8%","±1.6","17,969","±610","16,188","±587","±1.0","±192","±1.0","44,526","±1,850","±1,762","±1.6","±754","±1.6","8,123","±443","±455","±2.5","±201","±2.5","12,809","±625","±572","±2.7","±376","±2.7","28,422","±1,245","±1,087","±1.6","±496","±1.6","8,587","±569","±595","±2.5","±206","±2.5","8,455","±521","±478","±2.4","±216","±2.4","17,434","±733","±700","±1.6","±295","±1.6","35,098","±1,285","±1,220","±1.7","±622","±1.7","5,053","±315","±322","±2.8","±143","±2.8","8,073","±595","±598","±2.3","±183","±2.3","14,774","±681","±660","±1.8","±283","±1.8","9,218","±587","±563","±2.0","±192","±2.0","8,461","±327","±290","±1.3","±124","±1.3","43,601","±1,679","±1,547","±1.0","±488","±1.0","296,405","±4,104","±3,927","±0.5","±1,523","±0.5"
"            Some college or associate's degree","24,220","±1,027","22,426","±993","92.6%","±1.5","1,794","±376","7.4%","±1.5","16,101","±708","14,775","±666","±1.3","±214","±1.3","52,796","±1,758","±1,681","±1.0","±542","±1.0","6,008","±454","±458","±3.1","±191","±3.1","11,396","±636","±623","±1.8","±205","±1.8","26,332","±1,021","±1,006","±1.4","±365","±1.4","7,686","±496","±487","±2.4","±190","±2.4","6,351","±383","±341","±2.6","±181","±2.6","12,784","±698","±688","±1.0","±131","±1.0","32,449","±1,178","±1,169","±1.1","±371","±1.1","3,985","±293","±295","±4.2","±174","±4.2","7,071","±479","±476","±2.3","±168","±2.3","11,373","±591","±537","±1.8","±219","±1.8","8,563","±545","±558","±2.4","±200","±2.4","6,584","±318","±294","±1.6","±114","±1.6","47,755","±1,609","±1,583","±1.1","±549","±1.1","281,454","±3,503","±3,460","±0.4","±1,215","±0.4"
"            Bachelor's degree or higher","16,736","±904","16,093","±896","96.2%","±1.3","643","±214","3.8%","±1.3","9,653","±556","9,180","±547","±1.4","±135","±1.4","100,399","±2,124","±2,252","±0.6","±629","±0.6","5,641","±453","±471","±2.1","±115","±2.1","14,490","±680","±672","±0.9","±130","±0.9","25,161","±1,357","±1,343","±0.9","±217","±0.9","10,243","±534","±542","±1.6","±161","±1.6","9,494","±540","±532","±0.8","±77","±0.8","8,837","±641","±613","±1.6","±148","±1.6","29,983","±1,323","±1,327","±0.8","±250","±0.8","2,413","±285","±287","±4.0","±97","±4.0","9,996","±648","±644","±1.0","±106","±1.0","6,639","±506","±551","±3.5","±234","±3.5","9,209","±585","±579","±1.4","±132","±1.4","5,389","±311","±286","±1.7","±98","±1.7","48,068","±1,612","±1,706","±0.9","±416","±0.9","312,351","±3,873","±4,020","±0.3","±1,076","±0.3"
"    EMPLOYMENT STATUS","","","","","","","","","","","","","","","","","","","","","","","","","","","","","","","","","","","","","","","","","","","","","","","","","","","","","","","","","","","","","","","","","","","","","","","","","","","","","","","","","","","","","","","","","","","","","","","","","","","","","","","","","","",""
"        Civilian noninstitutionalized population 19 to 64 years","63,718","±213","56,330","±781","88.4%","±1.2","7,388","±766","11.6%","±1.2","37,758","±145","32,994","±451","±1.1","±415","±1.1","179,749","±489","±1,682","±0.9","±1,553","±0.9","17,603","±118","±370","±2.1","±380","±2.1","31,279","±149","±530","±1.7","±526","±1.7","72,282","±294","±836","±1.1","±803","±1.1","21,212","±216","±429","±1.9","±414","±1.9","18,604","±139","±388","±1.8","±329","±1.8","33,858","±148","±413","±1.2","±395","±1.2","92,603","±349","±1,046","±1.1","±973","±1.1","9,384","±97","±300","±3.1","±288","±3.1","20,635","±111","±394","±1.8","±368","±1.8","29,387","±166","±484","±1.6","±470","±1.6","22,824","±109","±426","±1.9","±430","±1.9","17,008","±137","±240","±1.1","±182","±1.1","121,554","±409","±1,173","±0.9","±1,056","±0.9","789,458","±834","±2,975","±0.4","±2,957","±0.4"
"            In labor force","51,413","±827","45,526","±885","88.5%","±1.3","5,887","±710","11.5%","±1.3","27,562","±610","23,788","±668","±1.4","±379","±1.4","151,918","±1,133","±2,075","±1.0","±1,437","±1.0","13,610","±444","±451","±2.6","±376","±2.6","25,362","±443","±617","±1.8","±468","±1.8","56,366","±970","±1,048","±1.2","±698","±1.2","17,008","±472","±608","±2.2","±368","±2.2","14,633","±342","±445","±1.9","±275","±1.9","24,649","±581","±673","±1.5","±351","±1.5","70,188","±1,054","±1,225","±1.2","±845","±1.2","6,182","±234","±281","±3.5","±223","±3.5","17,593","±350","±489","±2.0","±358","±2.0","20,978","±581","±587","±2.0","±435","±2.0","17,663","±411","±485","±1.8","±331","±1.8","11,795","±270","±315","±1.3","±148","±1.3","100,675","±1,109","±1,496","±1.0","±972","±1.0","627,595","±2,682","±3,487","±0.4","±2,501","±0.4"
"                Employed","49,409","±867","44,085","±938","89.2%","±1.3","5,324","±661","10.8%","±1.3","26,210","±625","22,803","±654","±1.4","±376","±1.4","147,454","±1,468","±2,177","±0.9","±1,350","±0.9","12,955","±467","±467","±2.6","±363","±2.6","24,551","±484","±619","±1.8","±447","±1.8","54,310","±977","±1,045","±1.2","±682","±1.2","16,374","±480","±615","±2.3","±371","±2.3","14,082","±407","±499","±2.0","±270","±2.0","23,194","±712","±699","±1.4","±350","±1.4","67,343","±1,015","±1,188","±1.2","±841","±1.2","5,829","±271","±286","±3.5","±214","±3.5","16,884","±354","±468","±2.1","±352","±2.1","20,063","±588","±586","±2.0","±432","±2.0","16,894","±447","±496","±1.9","±332","±1.9","11,044","±327","±328","±1.3","±145","±1.3","97,719","±1,203","±1,533","±0.9","±876","±0.9","604,315","±3,018","±3,644","±0.4","±2,345","±0.4"
"                Unemployed","2,004","±353","1,441","±317","71.9%","±8.1","563","±179","28.1%","±8.1","1,352","±331","985","±332","±9.0","±85","±9.0","4,464","±665","±489","±8.0","±447","±8.0","655","±178","±150","±13.7","±104","±13.7","811","±165","±139","±9.9","±96","±9.9","2,056","±353","±247","±7.7","±222","±7.7","634","±199","±199","±9.1","±51","±9.1","551","±170","±144","±9.8","±64","±9.8","1,455","±335","±207","±12.1","±259","±12.1","2,845","±307","±302","±5.4","±155","±5.4","353","±107","±61","±17.2","±101","±17.2","709","±311","±283","±17.3","±119","±17.3","915","±186","±120","±9.5","±133","±9.5","769","±177","±164","±11.6","±94","±11.6","751","±136","±75","±8.1","±103","±8.1","2,956","±452","±378","±6.5","±229","±6.5","23,280","±1,203","±969","±2.5","±719","±2.5"
"            Not in labor force","12,305","±775","10,804","±718","87.8%","±2.6","1,501","±338","12.2%","±2.6","10,196","±613","9,206","±607","±1.4","±143","±1.4","27,831","±1,037","±979","±1.7","±483","±1.7","3,993","±419","±402","±3.0","±124","±3.0","5,917","±432","±404","±2.3","±143","±2.3","15,916","±950","±910","±1.7","±284","±1.7","4,204","±468","±432","±3.4","±157","±3.4","3,971","±325","±315","±4.1","±171","±4.1","9,209","±566","±568","±2.2","±200","±2.2","22,415","±1,045","±965","±1.3","±313","±1.3","3,202","±253","±263","±4.6","±150","±4.6","3,042","±344","±301","±3.2","±109","±3.2","8,409","±578","±579","±2.3","±190","±2.3","5,161","±417","±388","±3.6","±201","±3.6","5,213","±266","±269","±2.2","±113","±2.2","20,879","±1,035","±979","±1.6","±346","±1.6","161,863","±2,578","±2,549","±0.7","±1,090","±0.7"
"    WORK EXPERIENCE","","","","","","","","","","","","","","","","","","","","","","","","","","","","","","","","","","","","","","","","","","","","","","","","","","","","","","","","","","","","","","","","","","","","","","","","","","","","","","","","","","","","","","","","","","","","","","","","","","","","","","","","","","",""
"        Civilian noninstitutionalized population 19 to 64 years","63,718","±213","56,330","±781","88.4%","±1.2","7,388","±766","11.6%","±1.2","37,758","±145","32,994","±451","±1.1","±415","±1.1","179,749","±489","±1,682","±0.9","±1,553","±0.9","17,603","±118","±370","±2.1","±380","±2.1","31,279","±149","±530","±1.7","±526","±1.7","72,282","±294","±836","±1.1","±803","±1.1","21,212","±216","±429","±1.9","±414","±1.9","18,604","±139","±388","±1.8","±329","±1.8","33,858","±148","±413","±1.2","±395","±1.2","92,603","±349","±1,046","±1.1","±973","±1.1","9,384","±97","±300","±3.1","±288","±3.1","20,635","±111","±394","±1.8","±368","±1.8","29,387","±166","±484","±1.6","±470","±1.6","22,824","±109","±426","±1.9","±430","±1.9","17,008","±137","±240","±1.1","±182","±1.1","121,554","±409","±1,173","±0.9","±1,056","±0.9","789,458","±834","±2,975","±0.4","±2,957","±0.4"
"            Worked full-time, year round in the past 12 months","36,880","±987","33,887","±1,094","91.9%","±1.3","2,993","±480","8.1%","±1.3","19,310","±637","17,285","±655","±1.5","±303","±1.5","106,276","±1,560","±1,702","±0.9","±977","±0.9","8,073","±445","±480","±2.3","±183","±2.3","17,391","±585","±575","±1.7","±303","±1.7","39,332","±899","±993","±1.3","±506","±1.3","11,155","±563","±578","±2.7","±312","±2.7","9,751","±490","±506","±2.3","±228","±2.3","16,058","±672","±637","±1.5","±258","±1.5","47,415","±1,321","±1,353","±1.2","±593","±1.2","3,950","±247","±253","±3.9","±161","±3.9","12,301","±476","±515","±1.8","±228","±1.8","13,425","±592","±571","±1.7","±245","±1.7","11,700","±493","±490","±1.9","±235","±1.9","7,258","±277","±260","±1.8","±139","±1.8","73,220","±1,363","±1,517","±0.9","±673","±0.9","433,495","±3,223","±3,374","±0.4","±1,931","±0.4"
"            Worked less than full-time, year round in the past 12 months","16,892","±910","13,581","±812","80.4%","±2.8","3,311","±519","19.6%","±2.8","9,240","±528","7,302","±475","±2.6","±267","±2.6","51,093","±1,563","±1,629","±1.8","±935","±1.8","6,152","±374","±341","±4.3","±295","±4.3","9,296","±505","±463","±3.5","±359","±3.5","19,590","±843","±800","±2.2","±466","±2.2","6,740","±514","±520","±3.0","±202","±3.0","5,736","±434","±392","±3.1","±200","±3.1","9,332","±583","±525","±3.2","±328","±3.2","27,172","±1,357","±1,035","±2.4","±775","±2.4","2,473","±241","±198","±5.4","±160","±5.4","5,655","±462","±406","±4.2","±261","±4.2","8,227","±601","±532","±3.9","±368","±3.9","6,646","±427","±388","±3.1","±231","±3.1","5,461","±267","±246","±2.7","±163","±2.7","30,805","±1,269","±1,278","±1.8","±570","±1.8","220,510","±3,100","±2,949","±0.7","±1,754","±0.7"
"            Did not work","9,946","±696","8,862","±639","89.1%","±2.5","1,084","±263","10.9%","±2.5","9,208","±583","8,407","±592","±1.3","±113","±1.3","22,380","±1,104","±1,027","±2.2","±512","±2.2","3,378","±307","±316","±3.1","±101","±3.1","4,592","±429","±401","±2.3","±112","±2.3","13,360","±857","±834","±1.8","±246","±1.8","3,317","±340","±329","±4.0","±137","±4.0","3,117","±370","±357","±4.5","±148","±4.5","8,468","±614","±617","±2.4","±194","±2.4","18,016","±951","±882","±1.5","±299","±1.5","2,961","±258","±250","±5.6","±177","±5.6","2,679","±338","±296","±3.5","±105","±3.5","7,735","±565","±552","±2.4","±186","±2.4","4,478","±419","±416","±3.8","±172","±3.8","4,289","±293","±287","±2.7","±117","±2.7","17,529","±925","±882","±1.8","±331","±1.8","135,453","±2,422","±2,385","±0.6","±890","±0.6"
"    HOUSEHOLD INCOME (IN 2020 INFLATION-ADJUSTED DOLLARS)","","","","","","","","","","","","","","","","","","","","","","","","","","","","","","","","","","","","","","","","","","","","","","","","","","","","","","","","","","","","","","","","","","","","","","","","","","","","","","","","","","","","","","","","","","","","","","","","","","","","","","","","","","",""
"        Total household population","104,772","±395","96,514","±1,034","92.1%","±0.9","8,258","±900","7.9%","±0.9","65,056","±305","59,515","±572","±0.7","±463","±0.7","285,464","±701","±1,818","±0.6","±1,715","±0.6","28,829","±273","±452","±1.3","±387","±1.3","53,103","±291","±657","±1.2","±636","±1.2","118,292","±365","±995","±0.8","±977","±0.8","38,117","±188","±494","±1.3","±495","±1.3","33,788","±133","±488","±1.3","±452","±1.3","57,010","±98","±437","±0.8","±441","±0.8","144,751","±563","±1,251","±0.8","±1,111","±0.8","16,494","±147","±356","±1.9","±308","±1.9","35,484","±122","±514","±1.4","±497","±1.4","49,769","±143","±517","±1.1","±528","±1.1","39,093","±147","±752","±1.9","±754","±1.9","30,345","±195","±314","±0.8","±250","±0.8","202,303","±530","±1,404","±0.6","±1,299","±0.6","1,302,670","±377","±3,436","±0.3","±3,488","±0.3"
"            Under $25,000","14,000","±1,050","12,594","±967","90.0%","±2.3","1,406","±353","10.0%","±2.3","13,252","±954","12,196","±918","±1.3","±176","±1.3","26,187","±1,633","±1,493","±2.0","±567","±2.0","4,301","±549","±516","±3.0","±139","±3.0","6,713","±589","±518","±3.9","±289","±3.9","16,649","±1,143","±1,049","±2.1","±383","±2.1","4,454","±544","±497","±3.5","±170","±3.5","4,047","±541","±518","±6.0","±256","±6.0","8,850","±877","±852","±2.8","±248","±2.8","22,758","±1,470","±1,435","±1.4","±311","±1.4","3,457","±374","±364","±4.0","±141","±4.0","3,899","±561","±523","±4.9","±202","±4.9","10,097","±963","±789","±2.8","±354","±2.8","5,494","±627","±596","±2.6","±149","±2.6","6,491","±426","±381","±2.2","±158","±2.2","18,162","±1,632","±1,558","±1.9","±369","±1.9","168,811","±3,191","±3,134","±0.7","±1,129","±0.7"
"            $25,000 to $49,999","23,413","±1,573","20,820","±1,357","88.9%","±1.9","2,593","±526","11.1%","±1.9","16,527","±1,195","14,890","±1,122","±1.6","±282","±1.6","39,733","±2,590","±2,331","±1.7","±743","±1.7","6,926","±752","±655","±3.6","±288","±3.6","10,037","±862","±837","±2.4","±246","±2.4","25,619","±1,840","±1,642","±2.1","±593","±2.1","7,883","±914","±875","±3.0","±244","±3.0","7,056","±729","±629","±3.8","±313","±3.8","14,609","±1,154","±1,049","±2.1","±336","±2.1","32,184","±1,871","±1,733","±1.3","±456","±1.3","4,536","±530","±472","±4.5","±226","±4.5","5,688","±720","±666","±2.6","±167","±2.6","12,320","±988","±978","±1.7","±212","±1.7","8,257","±884","±671","±3.5","±369","±3.5","7,329","±454","±441","±1.7","±128","±1.7","31,874","±2,043","±1,879","±2.1","±733","±2.1","253,991","±5,779","±5,200","±0.6","±1,680","±0.6"
"            $50,000 to $74,999","20,459","±1,906","18,460","±1,754","90.2%","±2.1","1,999","±476","9.8%","±2.1","12,383","±929","11,133","±861","±1.7","±229","±1.7","43,741","±2,349","±2,105","±1.9","±885","±1.9","6,273","±756","±627","±4.4","±319","±4.4","11,967","±886","±842","±1.8","±232","±1.8","21,308","±1,773","±1,656","±1.5","±353","±1.5","7,691","±832","±831","±2.4","±179","±2.4","6,953","±747","±714","±2.0","±146","±2.0","11,377","±1,115","±1,042","±1.9","±236","±1.9","27,686","±1,649","±1,570","±1.8","±516","±1.8","3,823","±499","±438","±3.6","±158","±3.6","6,981","±948","±883","±3.7","±278","±3.7","10,448","±815","±736","±2.2","±254","±2.2","8,288","±767","±735","±2.2","±189","±2.2","6,242","±477","±421","±2.0","±142","±2.0","36,116","±2,269","±2,106","±1.8","±708","±1.8","241,736","±4,869","±4,381","±0.6","±1,544","±0.6"
"            $75,000 to $99,999","15,740","±1,669","14,710","±1,611","93.5%","±2.4","1,030","±400","6.5%","±2.4","9,050","±812","8,404","±774","±2.1","±203","±2.1","44,027","±2,167","±2,132","±1.1","±477","±1.1","4,184","±652","±635","±4.1","±174","±4.1","7,610","±680","±612","±3.0","±253","±3.0","20,984","±1,811","±1,793","±1.6","±326","±1.6","6,685","±754","±693","±3.5","±247","±3.5","6,247","±764","±731","±2.2","±146","±2.2","9,060","±971","±902","±2.2","±219","±2.2","21,789","±1,570","±1,515","±2.0","±456","±2.0","1,831","±401","±397","±1.3","±24","±1.3","7,355","±912","±894","±2.9","±216","±2.9","7,526","±1,006","±946","±2.3","±186","±2.3","6,703","±888","±755","±8.5","±626","±8.5","4,196","±449","±406","±2.9","±136","±2.9","35,887","±2,312","±2,184","±1.4","±538","±1.4","208,874","±4,755","±4,661","±0.7","±1,445","±0.7"
"            $100,000 and over","31,160","±1,814","29,930","±1,771","96.1%","±1.0","1,230","±327","3.9%","±1.0","13,844","±1,157","12,892","±1,121","±1.8","±253","±1.8","131,776","±3,469","±3,548","±0.7","±975","±0.7","7,145","±797","±831","±1.7","±113","±1.7","16,776","±938","±957","±1.9","±318","±1.9","33,732","±1,867","±1,884","±1.1","±364","±1.1","11,404","±1,099","±1,055","±2.1","±252","±2.1","9,485","±895","±827","±2.1","±209","±2.1","13,114","±1,041","±1,009","±1.2","±156","±1.2","40,334","±2,103","±2,071","±1.7","±686","±1.7","2,847","±385","±367","±4.5","±135","±4.5","11,561","±1,124","±1,067","±2.6","±313","±2.6","9,378","±868","±867","±2.0","±187","±2.0","10,351","±977","±938","±1.9","±203","±1.9","6,087","±503","±482","±2.4","±152","±2.4","80,264","±3,178","±3,166","±0.5","±398","±0.5","429,258","±6,795","±6,998","±0.4","±1,538","±0.4"
"    RATIO OF INCOME TO POVERTY LEVEL IN THE PAST 12 MONTHS","","","","","","","","","","","","","","","","","","","","","","","","","","","","","","","","","","","","","","","","","","","","","","","","","","","","","","","","","","","","","","","","","","","","","","","","","","","","","","","","","","","","","","","","","","","","","","","","","","","","","","","","","","",""
"        Civilian noninstitutionalized population for whom poverty status is determined","104,428","±477","96,131","±1,093","92.1%","±0.9","8,297","±904","7.9%","±0.9","65,227","±327","59,690","±566","±0.7","±461","±0.7","285,605","±778","±1,889","±0.6","±1,685","±0.6","28,721","±283","±459","±1.3","±387","±1.3","53,341","±215","±670","±1.2","±633","±1.2","118,448","±401","±1,045","±0.8","±966","±0.8","38,100","±223","±485","±1.3","±494","±1.3","33,810","±151","±501","±1.3","±451","±1.3","56,765","±170","±489","±0.8","±439","±0.8","144,895","±653","±1,277","±0.8","±1,117","±0.8","16,480","±154","±354","±1.9","±308","±1.9","35,400","±145","±522","±1.4","±482","±1.4","49,713","±196","±532","±1.1","±528","±1.1","38,921","±164","±755","±1.9","±757","±1.9","30,280","±201","±320","±0.8","±252","±0.8","202,096","±528","±1,405","±0.6","±1,302","±0.6","1,302,230","±784","±3,584","±0.3","±3,472","±0.3"
"            Below 138 percent of the poverty threshold","19,883","±1,591","17,352","±1,352","87.3%","±2.5","2,531","±577","12.7%","±2.5","15,811","±1,041","14,326","±1,022","±1.4","±224","±1.4","35,349","±2,647","±2,250","±2.1","±886","±2.1","5,868","±732","±626","±3.8","±263","±3.8","8,475","±599","±616","±3.6","±312","±3.6","23,065","±1,742","±1,524","±2.0","±535","±2.0","6,061","±784","±768","±3.8","±232","±3.8","5,529","±731","±614","±5.2","±338","±5.2","12,550","±1,069","±1,039","±2.2","±279","±2.2","30,153","±1,671","±1,699","±1.5","±417","±1.5","4,424","±462","±422","±4.3","±206","±4.3","5,016","±740","±662","±4.1","±231","±4.1","14,242","±1,036","±980","±2.3","±337","±2.3","7,175","±729","±688","±4.1","±307","±4.1","8,164","±548","±460","±1.8","±181","±1.8","24,523","±1,912","±1,717","±2.5","±670","±2.5","226,288","±4,711","±4,416","±0.7","±1,779","±0.7"
"            138 to 399 percent of the poverty threshold","48,900","±1,974","44,233","±1,920","90.5%","±1.2","4,667","±604","9.5%","±1.2","31,712","±1,289","28,628","±1,228","±1.0","±341","±1.0","102,911","±3,158","±3,177","±1.1","±1,099","±1.1","14,027","±866","±815","±1.9","±286","±1.9","23,593","±1,134","±1,155","±1.5","±340","±1.5","51,731","±1,992","±1,995","±1.1","±594","±1.1","17,241","±1,100","±1,044","±1.6","±291","±1.6","15,650","±869","±810","±1.9","±326","±1.9","28,114","±1,259","±1,214","±1.4","±394","±1.4","67,549","±2,208","±2,115","±1.0","±710","±1.0","8,460","±518","±479","±2.8","±258","±2.8","14,776","±1,158","±1,090","±2.1","±336","±2.1","22,913","±1,231","±1,233","±1.7","±384","±1.7","18,631","±1,057","±900","±3.3","±675","±3.3","13,948","±610","±534","±1.5","±230","±1.5","85,368","±2,880","±2,864","±1.0","±890","±1.0","565,524","±6,325","±5,658","±0.3","±2,164","±0.3"
"            At or above 400 percent of the poverty threshold","35,645","±1,673","34,546","±1,656","96.9%","±0.9","1,099","±311","3.1%","±0.9","17,704","±1,032","16,736","±1,032","±1.4","±241","±1.4","147,345","±3,479","±3,510","±0.6","±916","±0.6","8,826","±826","±828","±1.7","±145","±1.7","21,273","±1,149","±1,097","±1.7","±380","±1.7","43,652","±1,787","±1,809","±0.9","±413","±0.9","14,798","±865","±790","±2.0","±318","±2.0","12,631","±811","±783","±1.4","±180","±1.4","16,101","±1,033","±1,007","±1.2","±203","±1.2","47,193","±2,040","±2,063","±1.3","±618","±1.3","3,596","±389","±384","±3.6","±132","±3.6","15,608","±1,126","±1,098","±1.9","±308","±1.9","12,558","±920","±906","±1.3","±169","±1.3","13,115","±1,037","±1,014","±1.3","±171","±1.3","8,168","±539","±491","±2.1","±183","±2.1","92,205","±3,058","±3,081","±0.6","±590","±0.6","510,418","±6,556","±6,651","±0.3","±1,490","±0.3"
"            Below 100 percent of the poverty threshold","11,841","±1,270","10,278","±1,095","86.8%","±3.2","1,563","±441","13.2%","±3.2","9,320","±815","8,338","±815","±1.9","±162","±1.9","23,726","±1,983","±1,825","±2.5","±634","±2.5","3,588","±582","±531","±4.5","±175","±4.5","5,343","±535","±478","±3.6","±219","±3.6","14,704","±1,363","±1,215","±2.2","±374","±2.2","3,514","±570","±550","±5.7","±201","±5.7","3,592","±583","±516","±5.4","±220","±5.4","7,625","±855","±824","±2.6","±198","±2.6","19,405","±1,312","±1,271","±1.5","±287","±1.5","2,848","±357","±334","±5.7","±174","±5.7","3,729","±602","±541","±5.2","±214","±5.2","9,710","±922","±850","±3.0","±314","±3.0","4,872","±548","±530","±5.2","±265","±5.2","5,480","±437","±367","±2.5","±164","±2.5","14,995","±1,491","±1,353","±2.7","±446","±2.7","144,292","±3,763","±3,521","±0.8","±1,225","±0.8"